SweCup Enduro Falun 2025,2025-09-14,END,Category,PlaceByCategory,FirstName,LastName,Club,UCI-ID,,NetTime,Status,SS1,SS2,SS3,SS4,SS5,SS6,PWR,SS7,SS8,SS9,SS10,,,,,,,,,,,,Splits...,,,,,,,,,,,,,
,,,,,,,,,,,,,,,,,,,,,,,,,,,,,,,,,,,,,,,,,,,,,,,
SweCup Enduro Falun 2026,2025-09-14,END,Damer Junior,1,Ella,MÅRTENSSON,Borås CA,10022510347,,0:16:19.16,FIN,0:02:10.55,0:01:47.08,0:01:51.10,0:02:07.70,0:01:32.10,0:01:14.83,,,0:02:37.35,0:01:25.90,0:01:32.55,,,,,,,,,,,,,,,,,,,,,,,,,
SweCup Enduro Falun 2027,2025-09-14,END,Damer Junior,2,Mimmi,LEIDERTH,TheUnit/Ulricehamns CK,10059430062,,0:16:22.32,FIN,0:02:04.78,0:01:43.70,0:01:59.88,0:02:03.15,0:01:27.95,0:01:15.80,,,0:02:45.88,0:01:26.84,0:01:34.35,,,,,,,,,,,,,,,,,,,,,,,,,
SweCup Enduro Falun 2028,2025-09-14,END,Damer Junior,3,Molly,EVALDSSON,Kvänums IF,10022489937,,0:18:10.95,FIN,0:02:14.11,0:01:54.83,0:01:59.43,0:02:23.43,0:01:37.36,0:02:00.56,,,0:02:46.35,0:01:35.73,0:01:39.17,,,,,,,,,,,,,,,,,,,,,,,,,
SweCup Enduro Falun 2029,2025-09-14,END,Damer Junior,4,Sydney,HEDLUND,CK Uni,10144652141,,0:29:34.89,FIN,0:02:55.65,0:03:55.38,0:03:42.93,0:04:55.45,0:02:12.85,0:02:27.10,,,0:05:07.33,0:02:07.06,0:02:11.16,,,,,,,,,,,,,,,,,,,,,,,,,
,,,,,,,,,,,,,,,,,,,,,,,,,,,,,,,,,,,,,,,,,,,,,,,
SweCup Enduro Falun 2030,2025-09-14,END,Flickor 13-14,1,Sigrid,DE VAHL,Sundsvallscyklisterna,10093177978,,0:09:27.79,FIN,,,,,0:01:42.52,0:01:26.93,,0:01:29.28,0:03:06.90,,0:01:42.16,,,,,,,,,,,,,,,,,,,,,,,,,
SweCup Enduro Falun 2031,2025-09-14,END,Flickor 13-14,2,Ebba,MELIN,Friluftsfrämjandets Värnamo,10131882392,,0:09:35.59,FIN,,,,,0:01:40.55,0:01:32.75,,0:01:26.25,0:03:16.07,,0:01:39.95,,,,,,,,,,,,,,,,,,,,,,,,,
SweCup Enduro Falun 2032,2025-09-14,END,Flickor 13-14,3,Alice,EK,CK Fix,10159331877,,0:11:39.84,FIN,,,,,0:02:14.28,0:01:54.77,,0:01:52.38,0:03:49.15,,0:01:49.26,,,,,,,,,,,,,,,,,,,,,,,,,
SweCup Enduro Falun 2033,2025-09-14,END,Flickor 15-16,1,Lilly,TEMAR,IKHP Huskvarna,10022497819,,0:11:20.00,FIN,,,,,0:01:52.07,0:01:28.48,,0:01:13.30,0:01:11.30,,0:02:37.28,,,,,,,,,,,,,,,,,,,,,,,,,
SweCup Enduro Falun 2034,2025-09-14,END,Flickor 15-16,2,Elsa,WIDELL,Borås CA,10060589315,,0:11:44.51,FIN,,,,,0:02:03.63,0:01:30.68,,0:01:18.53,0:01:14.36,,0:02:39.27,,,,,,,,,,,,,,,,,,,,,,,,,
SweCup Enduro Falun 2035,2025-09-14,END,Flickor 15-16,3,Greta,ANDERSSON,Falu CK,10117247318,,0:12:41.22,FIN,,,,,0:02:07.27,0:01:35.61,,0:01:24.27,0:01:20.66,,0:02:56.95,,,,,,,,,,,,,,,,,,,,,,,,,
SweCup Enduro Falun 2036,2025-09-14,END,Flickor 15-16,4,Stina,PÅLSSON,Team Kungälv IS,10144665275,,0:14:08.89,FIN,,,,,0:02:28.90,0:01:45.06,,0:01:39.42,0:01:31.45,,0:03:25.88,,,,,,,,,,,,,,,,,,,,,,,,,
,,,,,,,,,,,,,,,,,,,,,,,,,,,,,,,,,,,,,,,,,,,,,,,
SweCup Enduro Falun 2037,2025-09-14,END,Herrar Junior,1,Milton,LÖFSTRÖM THERMÉ,Bauhaus SK,10118003716,,0:13:12.05,FIN,0:01:49.48,0:01:23.63,0:01:27.80,0:01:37.20,0:01:16.05,0:01:00.91,,,0:02:07.73,0:01:09.57,0:01:19.68,,,,,,,,,0:01:49.48,0:27:20.55,0:01:23.63,0:24:21.30,0:01:27.80,0:16:48.03,0:01:37.20,2:28:30.70,0:01:16.05,0:29:58.12,0:01:00.91,0:22:26.75,0:02:07.73,0:31:03.15,0:01:09.57,0:28:20.83,0:01:19.68
SweCup Enduro Falun 2038,2025-09-14,END,Herrar Junior,2,Ivan,Bergström,RND Racing,10120379307,,0:13:15.25,FIN,0:01:45.82,0:01:24.90,0:01:28.10,0:01:40.61,0:01:13.13,0:01:02.61,,,0:02:06.06,0:01:11.33,0:01:22.70,,,,,,,,,0:01:45.82,0:27:21.10,0:01:24.90,0:26:37.45,0:01:28.10,0:23:37.20,0:01:40.61,2:21:15.45,0:01:13.13,0:31:00.97,0:01:02.61,0:41:59.95,0:02:06.06,0:35:44.70,0:01:11.33,0:37:33.70,0:01:22.70
SweCup Enduro Falun 2039,2025-09-14,END,Herrar Junior,3,Isak,KÄLL,Falu ck,10132833905,,0:13:35.53,FIN,0:01:52.00,0:01:26.70,0:01:32.50,0:01:38.97,0:01:14.43,0:01:01.50,,,0:02:11.23,0:01:12.40,0:01:25.80,,,,,,,,,0:01:52.00,0:27:52.40,0:01:26.70,0:29:18.75,0:01:32.50,0:24:04.93,0:01:38.97,2:20:08.85,0:01:14.43,0:31:03.47,0:01:01.50,0:36:07.81,0:02:11.23,0:40:45.77,0:01:12.40,0:33:58.38,0:01:25.80
SweCup Enduro Falun 2040,2025-09-14,END,Herrar Junior,4,Linus,RYDE,Ck Master,10093716532,,0:13:49.81,FIN,0:01:55.10,0:01:24.93,0:01:33.26,0:01:41.81,0:01:17.06,0:01:01.50,,,0:02:14.81,0:01:18.77,0:01:22.58,,,,,,,,,0:01:55.10,0:28:46.22,0:01:24.93,0:28:41.45,0:01:33.26,0:22:58.77,0:01:41.81,2:14:45.70,0:01:17.06,0:32:43.90,0:01:01.50,0:34:05.29,0:02:14.81,0:57:00.38,0:01:18.77,0:32:25.90,0:01:22.58
SweCup Enduro Falun 2041,2025-09-14,END,Herrar Junior,5,Simon,CARLSÉN,The Unit,10081974074,,0:13:50.63,FIN,0:01:50.45,0:01:22.47,0:01:39.03,0:01:39.05,0:01:17.02,0:01:11.90,,,0:02:15.45,0:01:12.27,0:01:22.98,,,,,,,,,0:01:50.45,0:24:10.65,0:01:22.47,0:20:56.25,0:01:39.03,0:20:37.87,0:01:39.05,2:37:13.18,0:01:17.02,0:31:36.84,0:01:11.90,0:24:35.90,0:02:15.45,0:26:53.38,0:01:12.27,0:21:42.28,0:01:22.98
SweCup Enduro Falun 2042,2025-09-14,END,Herrar Junior,6,Valdemar,CARLSSON STEEN,Borås CA,10081413191,,0:14:06.48,FIN,0:01:54.87,0:01:32.45,0:01:41.20,0:01:41.90,0:01:17.76,0:01:04.40,,,0:02:15.68,0:01:14.02,0:01:24.20,,,,,,,,,0:01:54.87,0:29:05.40,0:01:32.45,0:35:34.20,0:01:41.20,0:14:23.40,0:01:41.90,2:31:52.50,0:01:17.76,0:35:05.05,0:01:04.40,0:28:34.77,0:02:15.68,0:43:07.00,0:01:14.02,0:30:16.32,0:01:24.20
SweCup Enduro Falun 2043,2025-09-14,END,Herrar Junior,7,Malte,GÖRANSSON,Sölvesborgs Cykel & Sportklubb,10125996112,,0:14:11.53,FIN,0:01:57.90,0:01:29.98,0:01:41.30,0:01:44.55,0:01:21.78,0:01:05.06,,,0:02:17.33,0:01:10.09,0:01:23.55,,,,,,,,,0:01:57.90,0:30:18.30,0:01:29.98,0:28:30.68,0:01:41.30,0:25:35.35,0:01:44.55,2:18:36.80,0:01:21.78,0:37:52.00,0:01:05.06,0:36:26.74,0:02:17.33,0:37:46.93,0:01:10.09,0:27:34.93,0:01:23.55
SweCup Enduro Falun 2044,2025-09-14,END,Herrar Junior,8,Lucas,WIBÄCK,CK Uni,10081487357,,0:14:17.02,FIN,0:01:54.93,0:01:23.95,0:01:40.75,0:01:40.50,0:01:17.81,0:01:14.77,,,0:02:25.66,0:01:13.43,0:01:25.23,,,,,,,,,0:01:54.93,0:27:10.07,0:01:23.95,0:26:39.47,0:01:40.75,0:25:00.88,0:01:40.50,2:19:33.72,0:01:17.81,0:32:43.30,0:01:14.77,0:40:05.02,0:02:25.66,0:38:04.59,0:01:13.43,0:34:50.65,0:01:25.23
SweCup Enduro Falun 2045,2025-09-14,END,Herrar Junior,9,Alexander,EHRIN,Strängnäs CK,10072768168,,0:14:20.27,FIN,0:01:57.27,0:01:28.50,0:01:42.60,0:01:50.41,0:01:20.45,0:01:06.77,,,0:02:17.55,0:01:12.82,0:01:23.90,,,,,,,,,0:01:57.27,0:27:17.70,0:01:28.50,0:21:50.58,0:01:42.60,0:16:54.15,0:01:50.41,2:28:20.26,0:01:20.45,0:33:06.33,0:01:06.77,0:33:10.75,0:02:17.55,0:34:24.70,0:01:12.82,0:29:03.15,0:01:23.90
SweCup Enduro Falun 2046,2025-09-14,END,Herrar Junior,10,Felix Tho,SVEVA,Sandefjord SK,10127753529,,0:14:25.98,FIN,0:01:58.53,0:01:31.34,0:01:42.13,0:01:44.17,0:01:22.07,0:01:08.43,,,0:02:19.66,0:01:14.73,0:01:24.93,,,,,,,,,0:01:58.53,0:27:42.05,0:01:31.34,0:26:32.45,0:01:42.13,0:23:54.70,0:01:44.17,2:19:13.70,0:01:22.07,0:36:12.68,0:01:08.43,0:32:35.77,0:02:19.66,0:40:44.95,0:01:14.73,0:29:51.00,0:01:24.93
SweCup Enduro Falun 2047,2025-09-14,END,Herrar Junior,11,Malte,DAHLGREN,Borlänge CK,10080976085,,0:14:28.22,FIN,0:01:55.82,0:01:32.48,0:01:43.73,0:01:48.95,0:01:18.48,0:01:07.43,,,0:02:20.25,0:01:15.23,0:01:25.86,,,,,,,,,0:01:55.82,0:25:37.93,0:01:32.48,0:27:44.05,0:01:43.73,0:20:31.48,0:01:48.95,2:22:23.85,0:01:18.48,0:30:26.77,0:01:07.43,0:23:13.52,0:02:20.25,0:32:33.50,0:01:15.23,0:29:29.90,0:01:25.86
SweCup Enduro Falun 2048,2025-09-14,END,Herrar Junior,12,Måns,BODÉN,Göteborgs Stigcyklister,10117660172,,0:14:29.78,FIN,0:01:59.45,0:01:33.55,0:01:43.41,0:01:46.91,0:01:20.63,0:01:05.83,,,0:02:20.71,0:01:14.23,0:01:25.08,,,,,,,,,0:01:59.45,0:27:27.65,0:01:33.55,0:30:45.77,0:01:43.41,0:22:35.64,0:01:46.91,2:17:10.80,0:01:20.63,0:36:01.58,0:01:05.83,0:36:57.27,0:02:20.71,0:27:57.41,0:01:14.23,0:27:14.15,0:01:25.08
SweCup Enduro Falun 2049,2025-09-14,END,Herrar Junior,13,Joey,MALMSTEN,Team Bikefix Sweden,10107766778,,0:14:31.56,FIN,0:01:57.40,0:01:33.68,0:01:40.28,0:01:43.15,0:01:18.70,0:01:02.16,,,0:02:31.25,0:01:17.25,0:01:27.70,,,,,,,,,0:01:57.40,0:31:48.50,0:01:33.68,0:30:37.55,0:01:40.28,0:22:38.32,0:01:43.15,2:16:23.55,0:01:18.70,0:37:00.13,0:01:02.16,0:38:09.52,0:02:31.25,0:42:56.10,0:01:17.25,0:29:11.55,0:01:27.70
SweCup Enduro Falun 2050,2025-09-14,END,Herrar Junior,14,Arvid,SVENSSON GYLLSDORF,Alingsås sportsclub,10141534300,,0:14:35.69,FIN,0:02:00.58,0:01:31.50,0:01:45.68,0:01:45.57,0:01:21.55,0:01:07.85,,,0:02:21.73,0:01:15.20,0:01:26.03,,,,,,,,,0:02:00.58,0:27:37.97,0:01:31.50,0:29:16.33,0:01:45.68,0:29:00.07,0:01:45.57,2:06:16.80,0:01:21.55,0:32:01.40,0:01:07.85,0:34:31.25,0:02:21.73,0:46:20.77,0:01:15.20,0:33:11.70,0:01:26.03
SweCup Enduro Falun 2051,2025-09-14,END,Herrar Junior,15,Måns,ERICSSON,Göteborgs Stigcyklister,10129172456,,0:14:42.01,FIN,0:02:02.97,0:01:31.38,0:01:44.70,0:01:50.68,0:01:21.95,0:01:06.70,,,0:02:26.56,0:01:12.63,0:01:24.45,,,,,,,,,0:02:02.97,0:26:04.20,0:01:31.38,0:28:30.43,0:01:44.70,0:26:36.88,0:01:50.68,2:18:31.63,0:01:21.95,0:32:52.68,0:01:06.70,0:37:41.40,0:02:26.56,0:36:19.95,0:01:12.63,0:30:06.32,0:01:24.45
SweCup Enduro Falun 2052,2025-09-14,END,Herrar Junior,16,Sixten,Lindberg,IF Hallby,,,0:14:50.91,FIN,0:01:57.80,0:01:34.29,0:01:52.55,0:01:50.50,0:01:27.96,0:01:06.77,,,0:02:19.08,0:01:16.30,0:01:25.66,,,,,,,,,0:01:57.80,0:25:38.25,0:01:34.29,0:26:35.40,0:01:52.55,0:21:30.23,0:01:50.50,2:22:20.67,0:01:27.96,0:30:19.02,0:01:06.77,0:23:14.78,0:02:19.08,0:30:56.45,0:01:16.30,0:31:05.70,0:01:25.66
SweCup Enduro Falun 2053,2025-09-14,END,Herrar Junior,17,Oliver,LARSSON,Borås CA,10107391916,,0:15:01.52,FIN,0:02:02.17,0:01:36.75,0:01:48.13,0:01:53.05,0:01:24.11,0:01:08.30,,,0:02:22.06,0:01:18.13,0:01:28.82,,,,,,,,,0:02:02.17,0:29:59.72,0:01:36.75,0:28:03.10,0:01:48.13,0:19:09.08,0:01:53.05,2:34:11.99,0:01:24.11,0:34:48.70,0:01:08.30,0:28:38.28,0:02:22.06,0:43:06.02,0:01:18.13,0:30:10.25,0:01:28.82
SweCup Enduro Falun 2054,2025-09-14,END,Herrar Junior,18,Tim,SANDSTEDT,Varbergs MTB,10118789113,,0:15:01.59,FIN,0:01:58.90,0:01:28.60,0:02:02.00,0:01:56.54,0:01:22.80,0:01:08.32,,,0:02:20.03,0:01:16.35,0:01:28.06,,,,,,,,,0:01:58.90,0:27:43.63,0:01:28.60,0:25:02.84,0:02:02.00,0:28:17.15,0:01:56.54,2:18:22.57,0:01:22.80,0:32:54.77,0:01:08.32,0:37:38.95,0:02:20.03,0:38:00.37,0:01:16.35,0:28:36.75,0:01:28.06
SweCup Enduro Falun 2055,2025-09-14,END,Herrar Junior,19,Alfred,WAHREN,Saltsjöbaden CK,10152650092,,0:15:12.94,FIN,0:02:01.98,0:01:37.88,0:01:44.22,0:01:48.85,0:01:23.05,0:01:27.50,,,0:02:23.62,0:01:18.92,0:01:26.92,,,,,,,,,0:02:01.98,0:24:36.50,0:01:37.88,0:31:15.56,0:01:44.22,0:17:35.10,0:01:48.85,2:26:37.55,0:01:23.05,0:29:51.90,0:01:27.50,0:22:01.23,0:02:23.62,0:22:50.00,0:01:18.92,0:25:16.45,0:01:26.92
SweCup Enduro Falun 2056,2025-09-14,END,Herrar Junior,20,Axel,MELIN,Friluftsfrämjandets Värnamo,10131790951,,0:15:22.35,FIN,0:02:02.90,0:01:33.02,0:02:03.33,0:01:47.09,0:01:24.98,0:01:13.27,,,0:02:29.70,0:01:17.80,0:01:30.25,,,,,,,,,0:02:02.90,0:27:00.88,0:01:33.02,0:22:13.90,0:02:03.33,0:19:20.17,0:01:47.09,2:29:30.24,0:01:24.98,0:33:10.13,0:01:13.27,0:25:03.90,0:02:29.70,0:24:23.90,0:01:17.80,0:24:11.90,0:01:30.25
SweCup Enduro Falun 2057,2025-09-14,END,Herrar Junior,21,Max,BERGNE,Mountainbikeskolan CK,10152914824,,0:15:36.50,FIN,0:02:06.20,0:01:39.32,0:01:51.70,0:01:52.67,0:01:27.80,0:01:14.13,,,0:02:37.21,0:01:19.87,0:01:27.60,,,,,,,,,0:02:06.20,0:24:30.68,0:01:39.32,0:23:47.32,0:01:51.70,0:17:27.05,0:01:52.67,2:29:26.17,0:01:27.80,0:24:55.38,0:01:14.13,0:24:31.05,0:02:37.21,0:34:36.93,0:01:19.87,0:29:27.75,0:01:27.60
SweCup Enduro Falun 2058,2025-09-14,END,Herrar Junior,22,Joel,HOLMGÅRD,OK Tyr,10119282092,,0:15:36.54,FIN,0:01:58.38,0:01:43.82,0:01:44.47,0:02:04.82,0:01:23.82,0:01:14.35,,,0:02:28.80,0:01:24.61,0:01:33.47,,,,,,,,,0:01:58.38,0:23:34.22,0:01:43.82,0:20:54.60,0:01:44.47,0:19:37.78,0:02:04.82,2:34:05.18,0:01:23.82,0:18:17.85,0:01:14.35,0:14:37.35,0:02:28.80,0:17:06.85,0:01:24.61,0:22:13.87,0:01:33.47
SweCup Enduro Falun 2059,2025-09-14,END,Herrar Junior,23,Fabian,BELLENGER,Ck Master,10137446253,,0:16:03.06,FIN,0:02:11.00,0:01:42.20,0:01:55.05,0:02:01.10,0:01:23.60,0:01:14.43,,,0:02:41.05,0:01:22.63,0:01:32.00,,,,,,,,,0:02:11.00,0:29:42.05,0:01:42.20,0:30:45.30,0:01:55.05,0:23:25.35,0:02:01.10,2:05:54.95,0:01:23.60,0:31:36.60,0:01:14.43,0:33:45.32,0:02:41.05,1:01:37.57,0:01:22.63,0:27:16.45,0:01:32.00
SweCup Enduro Falun 2060,2025-09-14,END,Herrar Junior,24,Ryan,Brodie,,10164572608,,0:17:27.24,FIN,0:02:14.85,0:01:51.27,0:02:28.03,0:02:11.55,0:01:32.13,0:01:15.82,,,0:02:44.32,0:01:29.63,0:01:39.63,,,,,,,,,0:02:14.85,0:26:42.43,0:01:51.27,0:25:45.30,0:02:28.03,0:22:56.43,0:02:11.55,2:02:07.29,0:01:32.13,0:26:46.95,0:01:15.82,0:18:27.45,0:02:44.32,0:36:10.67,0:01:29.63,0:29:45.90,0:01:39.63
SweCup Enduro Falun 2061,2025-09-14,END,Herrar Junior,25,Leon,BERGSJÖ,Västra Ämterviks Idrottsförening,10150926122,,0:17:42.97,FIN,0:02:15.33,0:01:57.57,0:02:06.20,0:02:12.73,0:01:36.65,0:01:24.52,,,0:03:02.66,0:01:29.82,0:01:37.50,,,,,,,,,0:02:15.33,0:27:28.50,0:01:57.57,0:29:59.05,0:02:06.20,0:22:50.33,0:02:12.73,1:51:34.49,0:01:36.65,0:26:00.00,0:01:24.52,0:21:33.02,0:03:02.66,0:49:23.03,0:01:29.82,0:36:12.50,0:01:37.50
SweCup Enduro Falun 2062,2025-09-14,END,Herrar Junior,,Adrian,KILAND,IKHP Huskvarna,10065534594,,,DNS,,,,,,,,,,,,,,,,,,,,,,,,,,,,,,,,,,,,
SweCup Enduro Falun 2063,2025-09-14,END,Herrar Junior,,August,DAHLBÄCK,FK Trampen,10116994310,,,DNS,,,,,,,,,,,,,,,,,,,,,,,,,,,,,,,,,,,,
SweCup Enduro Falun 2064,2025-09-14,END,Herrar Junior,,Gabriel,FHERM,Ulricehamns CK,10081974276,,,DNS,,,,,,,,,,,,,,,,,,,,,,,,,,,,,,,,,,,,
SweCup Enduro Falun 2065,2025-09-14,END,Herrar Junior,,Gustav,ENWALL,CK Master,10059806847,,,DNS,,,,,,,,,,,,,,,,,,,,,,,,,,,,,,,,,,,,
SweCup Enduro Falun 2066,2025-09-14,END,Herrar Junior,,John,TEMAR,IKHP Huskvarna,10022478520,,,DNS,,,,,,,,,,,,,,,,,,,,,,,,,,,,,,,,,,,,
SweCup Enduro Falun 2067,2025-09-14,END,Herrar Junior,,Leo,PRYSSANDER,Skövde CK,10153764077,,,DNS,,,,,,,,,,,,,,,,,,,,,,,,,,,,,,,,,,,,
SweCup Enduro Falun 2068,2025-09-14,END,Herrar Junior,,Melker,BOOD,Ok Tyr,10105575386,,0:04:12.07,DNF,0:02:06.13,0:02:05.95,,,,,,,,,,,,,,,,,,0:02:06.13,0:28:56.05,0:02:05.95,,,,,,,,,,,,,,
,,,,,,,,,,,,,,,,,,,,,,,,,,,,,,,,,,,,,,,,,,,,,,,
SweCup Enduro Falun 2069,2025-09-14,END,Master Damer 35+,1,Marie,ÖDLUND,Mountainbikeskolan CK,10138377958,,0:17:56.96,FIN,0:02:30.33,0:02:50.67,0:02:28.62,,0:01:50.32,0:01:32.73,,0:01:30.26,0:03:23.48,,0:01:50.55,,,,,,,0:02:30.33,0:37:52.25,0:02:50.67,0:28:34.61,0:02:28.62,1:33:22.25,0:01:50.32,0:19:43.55,0:01:32.73,0:24:14.09,0:01:30.26,0:44:13.66,0:03:23.48,0:33:45.15,0:01:50.55,,,,
SweCup Enduro Falun 2070,2025-09-14,END,Master Damer 35+,2,Maria,ERIKSSON,Arvika cykelklubb,10144998109,,0:18:49.96,FIN,0:02:43.20,0:02:27.85,0:02:33.40,,0:01:56.85,0:02:01.75,,0:01:38.85,0:03:35.96,,0:01:52.10,,,,,,,0:02:43.20,0:37:28.89,0:02:27.85,0:35:28.25,0:02:33.40,0:41:42.27,0:01:56.85,0:26:53.23,0:02:01.75,0:38:23.13,0:01:38.85,1:06:28.22,0:03:35.96,0:34:07.10,0:01:52.10,,,,
SweCup Enduro Falun 2071,2025-09-14,END,Master Damer 35+,3,Sandra,HEIDENREICH,Arvika CK,10139521245,,0:22:06.25,FIN,0:03:14.08,0:03:18.42,0:02:57.49,,0:02:31.53,0:02:05.31,,0:01:56.22,0:04:01.95,,0:02:01.26,,,,,,,0:03:14.08,0:38:15.32,0:03:18.42,0:34:31.35,0:02:57.49,0:41:33.69,0:02:31.53,0:26:01.10,0:02:05.31,0:38:25.48,0:01:56.22,1:06:14.85,0:04:01.95,0:33:35.95,0:02:01.26,,,,
SweCup Enduro Falun 2072,2025-09-14,END,Master Damer 35+,4,Linda,STAVGREN,Arvika CK,10128679069,,0:25:18.76,FIN,0:03:48.48,0:04:27.92,0:03:49.13,,0:02:19.93,0:02:15.11,,0:01:56.36,0:04:44.85,,0:01:57.00,,,,,,,0:03:48.48,0:36:46.48,0:04:27.92,0:33:19.33,0:03:49.13,0:40:54.55,0:02:19.93,0:26:19.47,0:02:15.11,0:38:12.54,0:01:56.36,1:06:16.78,0:04:44.85,0:31:01.07,0:01:57.00,,,,
SweCup Enduro Falun 2073,2025-09-14,END,Master Herrar 35+,1,Jonathan,MATTIASSON,Mosjøen og omegn cycleclubb,10166658916,,0:12:53.31,FIN,0:01:57.13,0:01:32.97,0:01:41.88,,0:01:19.98,0:01:08.80,,0:01:09.75,0:02:36.98,,0:01:25.83,,,,,,,0:01:57.13,0:33:00.09,0:01:32.97,0:24:24.23,0:01:41.88,1:56:18.22,0:01:19.98,0:28:35.50,0:01:08.80,0:51:21.90,0:01:09.75,0:47:23.63,0:02:36.98,0:38:51.17,0:01:25.83,,,,
SweCup Enduro Falun 2074,2025-09-14,END,Master Herrar 35+,2,Oliver,BARTON,RND Racing,10076513580,,0:13:01.18,FIN,0:02:01.10,0:01:38.75,0:01:45.88,,0:01:22.82,0:01:09.93,,0:01:07.35,0:02:25.95,,0:01:29.38,,,,,,,0:02:01.10,0:26:10.20,0:01:38.75,0:22:19.65,0:01:45.88,2:09:17.60,0:01:22.82,0:26:23.10,0:01:09.93,0:27:04.32,0:01:07.35,0:43:04.13,0:02:25.95,0:33:47.99,0:01:29.38,,,,
SweCup Enduro Falun 2075,2025-09-14,END,Master Herrar 35+,3,Erik,GUSTAFSSON,Gimonäs CK - Endurofabriken,10097325235,,0:13:45.11,FIN,0:02:01.48,0:01:47.10,0:02:00.52,,0:01:24.60,0:01:10.98,,0:01:09.43,0:02:37.80,,0:01:33.20,,,,,,,0:02:01.48,0:31:05.60,0:01:47.10,0:29:05.40,0:02:00.52,1:57:38.56,0:01:24.60,0:26:56.92,0:01:10.98,0:30:11.05,0:01:09.43,1:02:32.15,0:02:37.80,0:34:28.60,0:01:33.20,,,,
SweCup Enduro Falun 2076,2025-09-14,END,Master Herrar 35+,4,Johan,Karlsson,Arvika 151,,,0:13:47.63,FIN,0:02:04.23,0:01:43.88,0:01:49.57,,0:01:28.83,0:01:14.88,,0:01:10.35,0:02:36.06,,0:01:39.83,,,,,,,0:02:04.23,0:30:45.15,0:01:43.88,0:22:58.27,0:01:49.57,1:48:40.60,0:01:28.83,0:30:01.32,0:01:14.88,0:29:47.62,0:01:10.35,0:53:49.73,0:02:36.06,0:29:33.02,0:01:39.83,,,,
SweCup Enduro Falun 2077,2025-09-14,END,Master Herrar 35+,5,Jonas,HENRIKSSON,Sälens IF,10162875310,,0:13:52.24,FIN,0:02:09.13,0:01:45.48,0:01:50.20,,0:01:26.05,0:01:17.50,,0:01:11.85,0:02:38.65,,0:01:33.38,,,,,,,0:02:09.13,0:30:27.03,0:01:45.48,0:23:47.22,0:01:50.20,1:56:53.95,0:01:26.05,0:27:18.68,0:01:17.50,0:29:06.57,0:01:11.85,0:56:32.75,0:02:38.65,0:38:46.55,0:01:33.38,,,,
SweCup Enduro Falun 2078,2025-09-14,END,Master Herrar 35+,6,Michail,Eliasson,Östersunds Cykelklubb,10097975034,,0:14:11.52,FIN,0:02:09.41,0:01:48.25,0:02:00.33,,0:01:29.60,0:01:15.95,,0:01:12.75,0:02:39.85,,0:01:35.38,,,,,,,0:02:09.41,0:33:04.70,0:01:48.25,0:23:38.62,0:02:00.33,1:55:52.80,0:01:29.60,0:28:26.97,0:01:15.95,0:29:32.03,0:01:12.75,0:57:33.37,0:02:39.85,0:34:30.93,0:01:35.38,,,,
SweCup Enduro Falun 2079,2025-09-14,END,Master Herrar 35+,7,Erik,STENBORG,CK Uni,10155450059,,0:14:11.61,FIN,0:02:09.02,0:01:45.80,0:01:52.73,,0:01:30.85,0:01:17.12,,0:01:16.90,0:02:44.88,,0:01:34.31,,,,,,,0:02:09.02,0:22:21.40,0:01:45.80,0:27:41.80,0:01:52.73,2:02:26.65,0:01:30.85,0:24:32.00,0:01:17.12,0:23:32.97,0:01:16.90,0:50:06.45,0:02:44.88,0:29:18.63,0:01:34.31,,,,
SweCup Enduro Falun 2080,2025-09-14,END,Master Herrar 35+,8,Carl-Johan,DANVER,MTB Täby,10164515418,,0:15:14.26,FIN,0:02:20.23,0:01:56.02,0:02:17.25,,0:01:33.77,0:01:17.32,,0:01:18.81,0:02:55.25,,0:01:35.61,,,,,,,0:02:20.23,0:30:28.70,0:01:56.02,0:23:14.73,0:02:17.25,1:59:39.60,0:01:33.77,0:27:06.78,0:01:17.32,0:27:36.90,0:01:18.81,0:52:02.85,0:02:55.25,0:25:49.10,0:01:35.61,,,,
SweCup Enduro Falun 2081,2025-09-14,END,Master Herrar 35+,9,Mikael,NILSSON,Arvika Cykelklubb,10093178483,,0:15:27.41,FIN,0:02:25.98,0:02:06.42,0:02:08.33,,0:01:34.88,0:01:24.55,,0:01:19.95,0:02:48.32,,0:01:38.98,,,,,,,0:02:25.98,0:31:53.95,0:02:06.42,0:23:07.30,0:02:08.33,1:45:33.15,0:01:34.88,0:17:30.52,0:01:24.55,0:20:56.75,0:01:19.95,0:44:12.80,0:02:48.32,0:30:43.45,0:01:38.98,,,,
SweCup Enduro Falun 2082,2025-09-14,END,Master Herrar 35+,,Alexander,WIKSTRÖM,Göteborgs Stigcyklister,10124656906,,0:06:58.70,DNF,0:02:03.55,0:01:41.05,0:01:45.92,,0:01:28.18,,,,,,,,,,,,,0:02:03.55,0:25:44.03,0:01:41.05,0:20:34.48,0:01:45.92,2:05:03.48,0:01:28.18,,,,,,,,,,,,
SweCup Enduro Falun 2083,2025-09-14,END,Master Herrar 45+,1,Michael,OHLSSON,Göteborgs stigcyklister,10022324027,,0:13:34.79,FIN,0:02:05.77,0:01:43.93,0:01:50.42,,0:01:25.73,0:01:13.81,,0:01:11.45,0:02:33.20,,0:01:30.48,,,,,,,0:02:05.77,0:32:15.55,0:01:43.93,0:23:24.33,0:01:50.42,1:48:43.98,0:01:25.73,0:28:31.92,0:01:13.81,0:29:13.42,0:01:11.45,0:54:56.77,0:02:33.20,0:31:58.97,0:01:30.48,,,,
SweCup Enduro Falun 2084,2025-09-14,END,Master Herrar 45+,2,Tomas,TAGLIND,Team Kungälv,10093177372,,0:13:35.32,FIN,0:02:03.17,0:01:44.20,0:01:50.20,,0:01:23.83,0:01:18.20,,0:01:10.72,0:02:31.65,,0:01:33.35,,,,,,,0:02:03.17,0:24:52.25,0:01:44.20,0:22:35.20,0:01:50.20,2:13:01.18,0:01:23.83,0:26:33.40,0:01:18.20,0:27:25.57,0:01:10.72,0:51:11.11,0:02:31.65,0:25:05.58,0:01:33.35,,,,
SweCup Enduro Falun 2085,2025-09-14,END,Master Herrar 45+,3,Niklas,ANDERSSON,Arvika Cykelklubb,10128217513,,0:13:47.22,FIN,0:02:08.92,0:01:44.58,0:01:52.93,,0:01:24.71,0:01:12.38,,0:01:11.70,0:02:39.57,,0:01:32.43,,,,,,,0:02:08.92,0:28:58.05,0:01:44.58,0:22:38.97,0:01:52.93,1:50:42.50,0:01:24.71,0:31:09.09,0:01:12.38,0:28:45.13,0:01:11.70,0:53:35.10,0:02:39.57,0:28:31.25,0:01:32.43,,,,
SweCup Enduro Falun 2086,2025-09-14,END,Master Herrar 45+,4,Simon,AXELAND,Ulricehamns CK,10022621794,,0:14:34.01,FIN,0:02:13.38,0:01:59.28,0:02:03.58,,0:01:31.45,0:01:17.72,,0:01:16.30,0:02:37.70,,0:01:34.61,,,,,,,0:02:13.38,0:28:29.15,0:01:59.28,0:21:18.32,0:02:03.58,2:05:19.67,0:01:31.45,0:24:31.08,0:01:17.72,0:23:30.95,0:01:16.30,0:53:21.65,0:02:37.70,0:25:36.52,0:01:34.61,,,,
SweCup Enduro Falun 2087,2025-09-14,END,Master Herrar 45+,5,Jan Ola,LAGERHOLM,Länna Sport Cykelklubb,10118933603,,0:14:50.45,FIN,0:02:14.60,0:01:56.95,0:02:02.40,,0:01:34.00,0:01:20.56,,0:01:18.60,0:02:44.78,,0:01:38.56,,,,,,,0:02:14.60,0:30:33.37,0:01:56.95,0:21:25.48,0:02:02.40,1:57:16.60,0:01:34.00,0:28:23.72,0:01:20.56,0:29:06.57,0:01:18.60,0:54:49.10,0:02:44.78,0:26:01.25,0:01:38.56,,,,
SweCup Enduro Falun 2088,2025-09-14,END,Master Herrar 45+,6,Daniel,MIFSUD,Dan's cykel o skid,10145287691,,0:16:07.46,FIN,0:02:26.15,0:02:25.53,0:02:08.60,,0:01:41.73,0:01:25.12,,0:01:16.80,0:03:05.11,,0:01:38.43,,,,,,,0:02:26.15,0:28:15.72,0:02:25.53,0:22:48.82,0:02:08.60,2:04:29.68,0:01:41.73,0:30:55.58,0:01:25.12,0:29:19.58,0:01:16.80,0:56:11.50,0:03:05.11,0:30:09.30,0:01:38.43,,,,
SweCup Enduro Falun 2089,2025-09-14,END,Master Herrar 45+,7,Per,KUMLIN,Rocket Racing Sweden,10003848658,,0:17:09.11,FIN,0:02:33.70,0:02:23.25,0:02:23.63,,0:01:48.07,0:01:32.83,,0:01:27.30,0:03:12.45,,0:01:47.88,,,,,,,0:02:33.70,0:30:10.10,0:02:23.25,0:18:47.50,0:02:23.63,1:59:07.60,0:01:48.07,0:29:31.82,0:01:32.83,0:27:32.58,0:01:27.30,0:56:35.35,0:03:12.45,0:23:42.59,0:01:47.88,,,,
SweCup Enduro Falun 2090,2025-09-14,END,Master Herrar 45+,,Jakob,GAWLIK,Ck fix,10022343932,,,DNS,,,,,,,,,,,,,,,,,,,,,,,,,,,,,,,,,,,,
SweCup Enduro Falun 2091,2025-09-14,END,Master Herrar 45+,,Johan,PÅLSSON,P49 Racing Team ,10081488569,,,DNS,,,,,,,,,,,,,,,,,,,,,,,,,,,,,,,,,,,,
SweCup Enduro Falun 2092,2025-09-14,END,Motion Kids,1,Tage,AXELAND,Borås CA,10076215510,,0:04:17.45,FIN,,,,,0:01:27.13,,,0:01:18.80,,,0:01:31.52,,,,,,,,,,,,,,,,,,,,,,,,,
SweCup Enduro Falun 2093,2025-09-14,END,Motion Kids,2,Algot,NORGREN,Bankeryds Skid & Motionsklubb,10133166735,,0:04:27.96,FIN,,,,,0:01:35.60,,,0:01:21.97,,,0:01:30.38,,,,,,,,,,,,,,,,,,,,,,,,,
SweCup Enduro Falun 2094,2025-09-14,END,Motion Kids,3,Lucas,ELIASSON,Borlänge CK,10126763422,,0:04:39.93,FIN,,,,,0:01:37.75,,,0:01:25.98,,,0:01:36.20,,,,,,,,,,,,,,,,,,,,,,,,,
SweCup Enduro Falun 2095,2025-09-14,END,Motion Kids,4,Pontus,Nilsson,Gimonäs CK,Engångslicens,,0:04:42.31,FIN,,,,,0:01:40.00,,,0:01:29.77,,,0:01:32.55,,,,,,,,,,,,,,,,,,,,,,,,,
SweCup Enduro Falun 2096,2025-09-14,END,Motion Kids,5,Joel,Nilsson,Gimonäs CK,Engångslicens,,0:04:43.20,FIN,,,,,0:01:42.07,,,0:01:27.73,,,0:01:33.40,,,,,,,,,,,,,,,,,,,,,,,,,
SweCup Enduro Falun 2097,2025-09-14,END,Motion Kids,6,Tor,Lorenz,Falu ck,Engångslicens,,0:04:50.05,FIN,,,,,0:01:42.67,,,0:01:30.65,,,0:01:36.73,,,,,,,,,,,,,,,,,,,,,,,,,
SweCup Enduro Falun 2098,2025-09-14,END,Motion Kids,7,Malcom,FRIMODIGS,Borlänge CK,10104411386,,0:04:54.11,FIN,,,,,0:01:48.40,,,0:01:21.03,,,0:01:44.68,,,,,,,,,,,,,,,,,,,,,,,,,
SweCup Enduro Falun 2099,2025-09-14,END,Motion Kids,8,Nils,TYNELIUS,Arvika Idrottsällskap,10163305241,,0:04:56.63,FIN,,,,,0:01:41.88,,,0:01:35.33,,,0:01:39.42,,,,,,,,,,,,,,,,,,,,,,,,,
SweCup Enduro Falun 2100,2025-09-14,END,Motion Kids,9,Ulrik,Eriksson,Falu CK,Engångslicens,,0:04:58.59,FIN,,,,,0:01:45.93,,,0:01:35.55,,,0:01:37.10,,,,,,,,,,,,,,,,,,,,,,,,,
SweCup Enduro Falun 2101,2025-09-14,END,Motion Kids,10,Milo,WESTLUND,Arvika IS,10132765092,,0:04:59.55,FIN,,,,,0:01:46.00,,,0:01:34.55,,,0:01:39.00,,,,,,,,,,,,,,,,,,,,,,,,,
SweCup Enduro Falun 2102,2025-09-14,END,Motion Kids,11,Viggo,Öhman Jansson,Falu ck,Engångslicens,,0:05:00.97,FIN,,,,,0:01:45.91,,,0:01:36.78,,,0:01:38.28,,,,,,,,,,,,,,,,,,,,,,,,,
SweCup Enduro Falun 2103,2025-09-14,END,Motion Kids,12,Holger,Björkbacka,falu ck,Engångslicens,,0:05:22.91,FIN,,,,,0:01:50.33,,,0:01:48.98,,,0:01:43.61,,,,,,,,,,,,,,,,,,,,,,,,,
SweCup Enduro Falun 2104,2025-09-14,END,Motion Kids,13,Jordan,EHRIN,Strängnäs CK,10161973917,,0:05:27.46,FIN,,,,,0:02:00.53,,,0:01:43.20,,,0:01:43.73,,,,,,,,,,,,,,,,,,,,,,,,,
SweCup Enduro Falun 2105,2025-09-14,END,Motion Kids,14,Wictor,SAHLBERG,Gävle CA,10142075173,,0:05:34.66,FIN,,,,,0:02:10.58,,,0:01:37.98,,,0:01:46.10,,,,,,,,,,,,,,,,,,,,,,,,,
SweCup Enduro Falun 2106,2025-09-14,END,Motion Kids,15,Svante,HEURLIN,FaluCK,10163279575,,0:05:46.15,FIN,,,,,0:02:06.70,,,0:01:54.90,,,0:01:44.56,,,,,,,,,,,,,,,,,,,,,,,,,
SweCup Enduro Falun 2107,2025-09-14,END,Motion Kids,16,Arvid,Riesel,Falu ck,Engångslicens,,0:06:01.20,FIN,,,,,0:02:12.70,,,0:01:57.17,,,0:01:51.32,,,,,,,,,,,,,,,,,,,,,,,,,
SweCup Enduro Falun 2108,2025-09-14,END,Motion Kids,17,Henry,HAGSTRÖM,Tyresö CK,10154101254,,0:06:43.03,FIN,,,,,0:02:30.10,,,0:02:08.98,,,0:02:03.95,,,,,,,,,,,,,,,,,,,,,,,,,
SweCup Enduro Falun 2109,2025-09-14,END,Motion Kids,18,Rolf,Nordqvist,CK Stabil,,,0:07:52.93,FIN,,,,,0:03:13.65,,,0:02:28.05,,,0:02:11.23,,,,,,,,,,,,,,,,,,,,,,,,,
SweCup Enduro Falun 2110,2025-09-14,END,Motion Kids,,Bosse,ÅLUND,Träningskonsulten Sports Club,10155039225,,,DNS,,,,,,,,,,,,,,,,,,,,,,,,,,,,,,,,,,,,
SweCup Enduro Falun 2111,2025-09-14,END,Motion Kids,,Lucas,KILAND,IKHP Huskvarna,10108331604,,,DNS,,,,,,,,,,,,,,,,,,,,,,,,,,,,,,,,,,,,
SweCup Enduro Falun 2112,2025-09-14,END,Motion Kids,,Oskar,Björnson,Ck Fix,Engångslicens,,,DNS,,,,,,,,,,,,,,,,,,,,,,,,,,,,,,,,,,,,
SweCup Enduro Falun 2113,2025-09-14,END,Motion Mellan,1,Jacob,Lingman,Team VELOQ,Engångslicens,,0:08:17.22,FIN,,,,,0:01:26.52,0:01:20.75,,0:01:14.41,0:02:42.31,,0:01:33.22,,,,,,,,,,,,,,,,,,,,,,,,,
SweCup Enduro Falun 2114,2025-09-14,END,Motion Mellan,2,Micke,Lindqvist,Team VELOQ,Engångslicens,,0:08:40.03,FIN,,,,,0:01:41.45,0:01:17.72,,0:01:15.16,0:02:45.13,,0:01:40.58,,,,,,,,,,,,,,,,,,,,,,,,,
SweCup Enduro Falun 2115,2025-09-14,END,Motion Mellan,3,Joakim,Andersson,,Engångslicens,,0:09:01.14,FIN,,,,,0:01:38.88,0:01:21.28,,0:01:22.01,0:03:02.06,,0:01:36.93,,,,,,,,,,,,,,,,,,,,,,,,,
SweCup Enduro Falun 2116,2025-09-14,END,Motion Mellan,4,Joakim,Rydell,Falu ck/ Team VELOQ,Engångslicens,,0:09:02.43,FIN,,,,,0:01:36.60,0:01:20.95,,0:01:25.78,0:03:00.15,,0:01:38.95,,,,,,,,,,,,,,,,,,,,,,,,,
SweCup Enduro Falun 2117,2025-09-14,END,Motion Mellan,5,Marcus,Wahren,Tyresö,Engångslicens,,0:10:10.34,FIN,,,,,0:01:48.50,0:01:38.90,,0:01:31.20,0:03:19.58,,0:01:52.15,,,,,,,,,,,,,,,,,,,,,,,,,
SweCup Enduro Falun 2118,2025-09-14,END,Motion Mellan,6,Philip,Andersson,,Engångslicens,,0:10:23.73,FIN,,,,,0:01:49.52,0:01:37.90,,0:01:37.27,0:03:31.45,,0:01:47.58,,,,,,,,,,,,,,,,,,,,,,,,,
SweCup Enduro Falun 2119,2025-09-14,END,Motion Mellan,7,Berkant,Savas,Motion,Engångslicens,,0:10:27.95,FIN,,,,,0:01:48.28,0:01:46.41,,0:01:36.34,0:03:27.18,,0:01:49.75,,,,,,,,,,,,,,,,,,,,,,,,,
SweCup Enduro Falun 2120,2025-09-14,END,Motion Mellan,8,Henning,Högberg,IK Jarl Rättvik,Engångslicens,,0:11:07.27,FIN,,,,,0:02:01.38,0:02:04.73,,0:01:37.70,0:03:35.58,,0:01:47.88,,,,,,,,,,,,,,,,,,,,,,,,,
SweCup Enduro Falun 2121,2025-09-14,END,Motion Mellan,9,Elin,Sundstedt,,Engångslicens,,0:12:58.88,FIN,,,,,0:02:12.57,0:02:09.90,,0:02:04.22,0:04:16.73,,0:02:15.45,,,,,,,,,,,,,,,,,,,,,,,,,
,,,,,,,,,,,,,,,,,,,,,,,,,,,,,,,,,,,,,,,,,,,,,,,
SweCup Enduro Falun 2122,2025-09-14,END,MTB E-Bike,1,David,Black,Karlskogacyklisterna,10161109203,,0:14:06.48,FIN,0:01:48.52,0:01:30.91,0:01:44.93,,0:01:17.80,0:01:04.57,0:00:38.90,0:01:06.30,0:02:09.10,0:01:16.18,0:01:29.28,,,,,,,,,,,,,,,,,,,,,,,,,
SweCup Enduro Falun 2123,2025-09-14,END,MTB E-Bike,2,Hampus,ROCKSJÖ,Gränna-Bygdens OK,10077076887,,0:14:21.67,FIN,0:01:55.30,0:01:32.95,0:01:43.00,,0:01:18.36,0:01:03.16,0:00:43.57,0:01:05.68,0:02:16.18,0:01:17.75,0:01:25.73,,,,,,,,,,,,,,,,,,,,,,,,,
SweCup Enduro Falun 2124,2025-09-14,END,MTB E-Bike,3,Oskar,HASSELLÖF,Ulricehmans Cykelklubb,10022575520,,0:14:44.71,FIN,0:01:55.87,0:01:31.80,0:01:39.07,,0:01:18.78,0:01:06.00,0:00:52.43,0:01:03.93,0:02:26.15,0:01:25.18,0:01:25.51,,,,,,,,,,,,,,,,,,,,,,,,,
SweCup Enduro Falun 2125,2025-09-14,END,MTB E-Bike,4,Ludvig,Roos,Östersunds CK,Engångslicens,,0:15:55.93,FIN,0:02:02.52,0:01:43.63,0:01:54.13,,0:01:26.05,0:01:11.20,0:01:06.76,0:01:11.20,0:02:23.73,0:01:24.33,0:01:32.38,,,,,,,,,,,,,,,,,,,,,,,,,
SweCup Enduro Falun 2126,2025-09-14,END,MTB E-Bike,5,Tommy,EVALDSSON,Kvänums IF,10022412842,,0:16:50.46,FIN,0:01:59.66,0:01:47.05,0:01:54.60,,0:01:26.95,0:01:20.09,0:00:44.83,0:01:11.83,0:02:31.13,0:02:13.00,0:01:41.32,,,,,,,,,,,,,,,,,,,,,,,,,
SweCup Enduro Falun 2127,2025-09-14,END,MTB E-Bike,6,Erik,Ledin,AISR.se,Engångslicens,,0:18:19.63,FIN,0:02:10.55,0:01:56.98,0:02:22.20,,0:01:39.15,0:01:30.02,0:01:05.61,0:01:23.77,0:02:52.04,0:01:34.90,0:01:44.40,,,,,,,,,,,,,,,,,,,,,,,,,
SweCup Enduro Falun 2128,2025-09-14,END,MTB E-Bike,,Joakim,Bergman,,Engångslicens,,,DNS,,,,,,,,,,,,,,,,,,,,,,,,,,,,,,,,,,,,
,,,,,,,,,,,,,,,,,,,,,,,,,,,,,,,,,,,,,,,,,,,,,,,
SweCup Enduro Falun 2129,2025-09-14,END,Pojkar 13-14,1,Jon,DOVEMARK,Varbergs MTB/the Unit,10116935096,,0:06:51.32,FIN,,,,,0:01:15.35,0:01:02.46,,0:01:03.70,0:02:07.60,,0:01:22.20,,,,,,,,,,,,,,,,,,,,,,,,,
SweCup Enduro Falun 2130,2025-09-14,END,Pojkar 13-14,2,Alex,OLVÉN LINDEBERG,ck Master,10141215917,,0:07:20.28,FIN,,,,,0:01:18.10,0:01:09.83,,0:01:06.13,0:02:20.98,,0:01:25.25,,,,,,,,,,,,,,,,,,,,,,,,,
SweCup Enduro Falun 2131,2025-09-14,END,Pojkar 13-14,3,Wilmer,MÅNSSON,Ckrävlanda,10142053753,,0:07:47.67,FIN,,,,,0:01:24.97,0:01:10.60,,0:01:09.43,0:02:30.88,,0:01:31.80,,,,,,,,,,,,,,,,,,,,,,,,,
SweCup Enduro Falun 2132,2025-09-14,END,Pojkar 13-14,4,Axel,TYNELIUS,Arvika Idrottsällskap,10162438709,,0:07:55.98,FIN,,,,,0:01:27.83,0:01:09.50,,0:01:12.85,0:02:34.30,,0:01:31.50,,,,,,,,,,,,,,,,,,,,,,,,,
SweCup Enduro Falun 2133,2025-09-14,END,Pojkar 13-14,5,Alfred,HEURLIN,FaluCK,10130593710,,0:08:04.40,FIN,,,,,0:01:30.86,0:01:16.80,,0:01:16.25,0:02:30.17,,0:01:30.33,,,,,,,,,,,,,,,,,,,,,,,,,
SweCup Enduro Falun 2134,2025-09-14,END,Pojkar 13-14,6,Oscar,BERGSTRAND,CK Master,10151985947,,0:08:05.32,FIN,,,,,0:01:28.60,0:01:11.02,,0:01:12.25,0:02:41.70,,0:01:31.75,,,,,,,,,,,,,,,,,,,,,,,,,
SweCup Enduro Falun 2135,2025-09-14,END,Pojkar 13-14,7,Karl,ODEBLAD STENBORG,CK Uni,10155459557,,0:08:08.53,FIN,,,,,0:01:34.28,0:01:11.09,,0:01:17.58,0:02:34.05,,0:01:31.55,,,,,,,,,,,,,,,,,,,,,,,,,
SweCup Enduro Falun 2136,2025-09-14,END,Pojkar 13-14,8,Nils,SJÖSTEDT,CK Master,10141197830,,0:08:14.49,FIN,,,,,0:01:30.50,0:01:20.16,,0:01:15.00,0:02:38.80,,0:01:30.04,,,,,,,,,,,,,,,,,,,,,,,,,
SweCup Enduro Falun 2137,2025-09-14,END,Pojkar 13-14,9,Hjalmar,GRYE,Ck Master,10151346353,,0:08:15.71,FIN,,,,,0:01:33.30,0:01:18.00,,0:01:15.08,0:02:38.22,,0:01:31.11,,,,,,,,,,,,,,,,,,,,,,,,,
SweCup Enduro Falun 2138,2025-09-14,END,Pojkar 13-14,10,Harry,HERMANSSON,Alingsås Sportsclub,10152177523,,0:08:25.09,FIN,,,,,0:01:28.30,0:01:18.67,,0:01:16.27,0:02:50.95,,0:01:30.90,,,,,,,,,,,,,,,,,,,,,,,,,
SweCup Enduro Falun 2139,2025-09-14,END,Pojkar 13-14,11,Erik,JERNSTRÖM,Bauhaus Sportklubb,10162331100,,0:08:26.18,FIN,,,,,0:01:26.98,0:01:15.38,,0:01:13.55,0:02:53.11,,0:01:37.18,,,,,,,,,,,,,,,,,,,,,,,,,
SweCup Enduro Falun 2140,2025-09-14,END,Pojkar 13-14,12,Svante,ÅLUND,Träningskonsulten Sports Club,10142208145,,0:08:27.31,FIN,,,,,0:01:33.30,0:01:18.13,,0:01:15.48,0:02:48.55,,0:01:31.86,,,,,,,,,,,,,,,,,,,,,,,,,
SweCup Enduro Falun 2141,2025-09-14,END,Pojkar 13-14,13,Oscar,Rigler,Göteborgs Stigcyklister,Engångslicens,,0:08:35.85,FIN,,,,,0:01:34.52,0:01:16.68,,0:01:18.75,0:02:52.80,,0:01:33.10,,,,,,,,,,,,,,,,,,,,,,,,,
SweCup Enduro Falun 2142,2025-09-14,END,Pojkar 13-14,14,William,Taglind,Team Kungälv,Engångslicens,,0:08:36.20,FIN,,,,,0:01:34.27,0:01:20.85,,0:01:18.95,0:02:45.85,,0:01:36.27,,,,,,,,,,,,,,,,,,,,,,,,,
SweCup Enduro Falun 2143,2025-09-14,END,Pojkar 13-14,15,Edvin,STRAND,CK Master,10155804212,,0:08:36.96,FIN,,,,,0:01:33.53,0:01:20.80,,0:01:16.50,0:02:52.10,,0:01:34.03,,,,,,,,,,,,,,,,,,,,,,,,,
SweCup Enduro Falun 2144,2025-09-14,END,Pojkar 13-14,16,Alfred,JOELSSON NODIN,CK Master,10163465491,,0:08:42.26,FIN,,,,,0:01:38.11,0:01:18.50,,0:01:19.80,0:02:47.03,,0:01:38.82,,,,,,,,,,,,,,,,,,,,,,,,,
SweCup Enduro Falun 2145,2025-09-14,END,Pojkar 13-14,17,Melwin,LJOSDAL,Arvika Idrottssällskap,10128303702,,0:08:53.51,FIN,,,,,0:01:38.08,0:01:22.67,,0:01:21.15,0:02:55.46,,0:01:36.16,,,,,,,,,,,,,,,,,,,,,,,,,
SweCup Enduro Falun 2146,2025-09-14,END,Pojkar 13-14,18,Isak,Skogmo,Falu CK,Engångslicens,,0:09:59.58,FIN,,,,,0:01:38.40,0:01:44.33,,0:01:31.63,0:03:27.63,,0:01:37.60,,,,,,,,,,,,,,,,,,,,,,,,,
SweCup Enduro Falun 2147,2025-09-14,END,Pojkar 13-14,19,Oskar,KUMLIN,MTB Täby,10164056787,,0:10:57.37,FIN,,,,,0:01:57.37,0:02:00.72,,0:01:39.25,0:03:33.57,,0:01:46.45,,,,,,,,,,,,,,,,,,,,,,,,,
SweCup Enduro Falun 2148,2025-09-14,END,Pojkar 13-14,20,Carl,Thelin,Falu CK,Engångslicens,,0:11:36.04,FIN,,,,,0:02:10.43,0:01:50.43,,0:01:44.82,0:03:59.06,,0:01:51.30,,,,,,,,,,,,,,,,,,,,,,,,,
SweCup Enduro Falun 2149,2025-09-14,END,Pojkar 13-14,,Albert,CARLSSON STEEN,Borås CA,10081413292,,,DNS,,,,,,,,,,,,,,,,,,,,,,,,,,,,,,,,,,,,
SweCup Enduro Falun 2150,2025-09-14,END,Pojkar 13-14,,Alvar,BASTMAN,CK Uven,10130092138,,,DNS,,,,,,,,,,,,,,,,,,,,,,,,,,,,,,,,,,,,
SweCup Enduro Falun 2151,2025-09-14,END,Pojkar 13-14,,Edward,MÅNSSON,Saltsjöbaden Cykelklubb,10153990716,,,DNS,,,,,,,,,,,,,,,,,,,,,,,,,,,,,,,,,,,,
SweCup Enduro Falun 2152,2025-09-14,END,Pojkar 13-14,,Lukas,Gärdsback,Falu CK,Engångslicens,,,DNS,,,,,,,,,,,,,,,,,,,,,,,,,,,,,,,,,,,,
,,,,,,,,,,,,,,,,,,,,,,,,,,,,,,,,,,,,,,,,,,,,,,,
SweCup Enduro Falun 2153,2025-09-14,END,Pojkar 15-16,1,Elias,LANDH,The Unit,10080959315,,0:09:23.86,FIN,,,0:01:29.98,,0:01:15.68,0:00:58.40,,0:01:03.13,0:02:04.55,0:01:09.98,0:01:22.15,,,,,,,,,,,,,,,,,,,,,,,,,
SweCup Enduro Falun 2154,2025-09-14,END,Pojkar 15-16,2,John,SANDBERG,Rnd racing,10140842263,,0:09:49.86,FIN,,,0:01:33.18,,0:01:16.68,0:01:03.15,,0:01:04.98,0:02:15.30,0:01:12.10,0:01:24.48,,,,,,,,,,,,,,,,,,,,,,,,,
SweCup Enduro Falun 2155,2025-09-14,END,Pojkar 15-16,3,Tore,PALMQVIST,CK Uni,10080676193,,0:09:50.00,FIN,,,0:01:33.85,,0:01:18.08,0:01:05.47,,0:01:05.22,0:02:09.50,0:01:13.40,0:01:24.48,,,,,,,,,,,,,,,,,,,,,,,,,
SweCup Enduro Falun 2156,2025-09-14,END,Pojkar 15-16,4,Hannes,HEURLIN,FaluCK,10130593811,,0:09:54.69,FIN,,,0:01:33.85,,0:01:18.63,0:01:03.42,,0:01:04.48,0:02:10.10,0:01:21.75,0:01:22.45,,,,,,,,,,,,,,,,,,,,,,,,,
SweCup Enduro Falun 2157,2025-09-14,END,Pojkar 15-16,5,Sigge,LÖFGREN,Kvänums IF,10081959425,,0:09:57.63,FIN,,,0:01:36.65,,0:01:18.35,0:01:04.68,,0:01:06.52,0:02:14.65,0:01:12.55,0:01:24.22,,,,,,,,,,,,,,,,,,,,,,,,,
SweCup Enduro Falun 2158,2025-09-14,END,Pojkar 15-16,6,Theodor,EK,CK Fix,10150232772,,0:09:59.58,FIN,,,0:01:33.13,,0:01:21.77,0:01:05.08,,0:01:06.63,0:02:12.99,0:01:14.38,0:01:25.60,,,,,,,,,,,,,,,,,,,,,,,,,
SweCup Enduro Falun 2159,2025-09-14,END,Pojkar 15-16,7,Melker,HÅSTEDT,Ck uni,10152250877,,0:10:05.42,FIN,,,0:01:36.13,,0:01:18.23,0:01:04.80,,0:01:05.30,0:02:22.98,0:01:12.27,0:01:25.71,,,,,,,,,,,,,,,,,,,,,,,,,
SweCup Enduro Falun 2160,2025-09-14,END,Pojkar 15-16,8,Anton,BJÖRNSON,Ck Fix,10142815508,,0:10:09.86,FIN,,,0:01:36.43,,0:01:22.95,0:01:03.58,,0:01:07.20,0:02:20.25,0:01:14.45,0:01:25.00,,,,,,,,,,,,,,,,,,,,,,,,,
SweCup Enduro Falun 2161,2025-09-14,END,Pojkar 15-16,9,Valter,AXELAND,Borås CA,10022505192,,0:10:12.27,FIN,,,0:01:42.55,,0:01:15.20,0:01:08.73,,0:01:05.20,0:02:23.40,0:01:13.73,0:01:23.45,,,,,,,,,,,,,,,,,,,,,,,,,
SweCup Enduro Falun 2162,2025-09-14,END,Pojkar 15-16,10,Sixten,HULTBERG,Ulricehamns CK,10143717103,,0:10:15.29,FIN,,,0:01:37.20,,0:01:20.80,0:01:05.33,,0:01:07.23,0:02:21.75,0:01:15.21,0:01:27.77,,,,,,,,,,,,,,,,,,,,,,,,,
SweCup Enduro Falun 2163,2025-09-14,END,Pojkar 15-16,11,Axel,WIKHOLM,Dans Cykel o Skid,10093415327,,0:10:19.92,FIN,,,0:01:37.07,,0:01:23.18,0:01:03.46,,0:01:07.75,0:02:26.83,0:01:15.10,0:01:26.53,,,,,,,,,,,,,,,,,,,,,,,,,
SweCup Enduro Falun 2164,2025-09-14,END,Pojkar 15-16,12,Harry,LINDELL,CK Uni,10149259944,,0:10:26.70,FIN,,,0:01:39.73,,0:01:24.76,0:01:05.43,,0:01:11.05,0:02:24.33,0:01:14.45,0:01:26.96,,,,,,,,,,,,,,,,,,,,,,,,,
SweCup Enduro Falun 2165,2025-09-14,END,Pojkar 15-16,13,Winston,GRABBE,CK Uni,10141986964,,0:10:27.49,FIN,,,0:01:42.80,,0:01:24.68,0:01:07.25,,0:01:08.20,0:02:21.35,0:01:15.60,0:01:27.61,,,,,,,,,,,,,,,,,,,,,,,,,
SweCup Enduro Falun 2166,2025-09-14,END,Pojkar 15-16,14,Carl,MÅNSSON,Saltsjöbaden Cykelklubb,10131723455,,0:10:31.08,FIN,,,0:01:42.48,,0:01:22.05,0:01:06.83,,0:01:07.60,0:02:29.80,0:01:16.13,0:01:26.21,,,,,,,,,,,,,,,,,,,,,,,,,
SweCup Enduro Falun 2167,2025-09-14,END,Pojkar 15-16,15,Elmar,MANNINEN HÖGLIND,Borås GIF,10130046870,,0:10:36.20,FIN,,,0:01:46.80,,0:01:20.16,0:01:09.11,,0:01:07.28,0:02:25.70,0:01:18.10,0:01:29.05,,,,,,,,,,,,,,,,,,,,,,,,,
SweCup Enduro Falun 2168,2025-09-14,END,Pojkar 15-16,16,Ludvig,GRANQVIST,Falu CK,10114566882,,0:10:36.44,FIN,,,0:01:45.03,,0:01:24.31,0:01:09.78,,0:01:09.80,0:02:29.25,0:01:12.90,0:01:25.38,,,,,,,,,,,,,,,,,,,,,,,,,
SweCup Enduro Falun 2169,2025-09-14,END,Pojkar 15-16,17,Runar,FOKKELMAN,BSMK,10132993246,,0:10:41.75,FIN,,,0:01:46.50,,0:01:23.22,0:01:06.31,,0:01:12.32,0:02:28.48,0:01:17.75,0:01:27.18,,,,,,,,,,,,,,,,,,,,,,,,,
SweCup Enduro Falun 2170,2025-09-14,END,Pojkar 15-16,18,Emil,OLSSON,Strömstad CK,10163456906,,0:10:44.31,FIN,,,0:01:47.92,,0:01:25.45,0:01:10.08,,0:01:11.77,0:02:25.81,0:01:17.75,0:01:25.52,,,,,,,,,,,,,,,,,,,,,,,,,
SweCup Enduro Falun 2171,2025-09-14,END,Pojkar 15-16,19,Leo,DROTZ,Mera Lera MTB,10141776493,,0:10:47.87,FIN,,,0:01:52.50,,0:01:19.88,0:01:06.68,,0:01:10.95,0:02:30.88,0:01:18.05,0:01:28.93,,,,,,,,,,,,,,,,,,,,,,,,,
SweCup Enduro Falun 2172,2025-09-14,END,Pojkar 15-16,20,Wille,RICKNELL,Järbo IF,10164251393,,0:10:51.05,FIN,,,0:01:44.05,,0:01:26.80,0:01:10.55,,0:01:10.61,0:02:33.15,0:01:16.68,0:01:29.23,,,,,,,,,,,,,,,,,,,,,,,,,
SweCup Enduro Falun 2173,2025-09-14,END,Pojkar 15-16,21,Olof,KOHLBERG,Arvika CK,10141115883,,0:10:52.22,FIN,,,0:02:01.30,,0:01:23.10,0:01:07.16,,0:01:06.88,0:02:25.43,0:01:19.63,0:01:28.73,,,,,,,,,,,,,,,,,,,,,,,,,
SweCup Enduro Falun 2174,2025-09-14,END,Pojkar 15-16,22,Sam,WESA,Göteborgs Stigcyklister,10142832177,,0:10:52.29,FIN,,,0:01:45.13,,0:01:21.63,0:01:09.65,,0:01:10.88,0:02:32.50,0:01:19.10,0:01:33.41,,,,,,,,,,,,,,,,,,,,,,,,,
SweCup Enduro Falun 2175,2025-09-14,END,Pojkar 15-16,23,Ruben,GRYE,CK Master,10132841581,,0:10:58.46,FIN,,,0:01:46.63,,0:01:22.38,0:01:12.60,,0:01:10.03,0:02:39.63,0:01:18.82,0:01:28.38,,,,,,,,,,,,,,,,,,,,,,,,,
SweCup Enduro Falun 2176,2025-09-14,END,Pojkar 15-16,24,Viggo,SEVETIN,Mera Lera MTB,10142693347,,0:10:59.62,FIN,,,0:01:47.43,,0:01:21.73,0:01:40.18,,0:01:06.13,0:02:24.61,0:01:15.33,0:01:24.23,,,,,,,,,,,,,,,,,,,,,,,,,
SweCup Enduro Falun 2177,2025-09-14,END,Pojkar 15-16,25,Ivar,DAHLGREN BRANDT,CK Master,10152528844,,0:11:01.72,FIN,,,0:01:51.58,,0:01:24.60,0:01:12.33,,0:01:11.36,0:02:28.50,0:01:20.98,0:01:32.39,,,,,,,,,,,,,,,,,,,,,,,,,
SweCup Enduro Falun 2178,2025-09-14,END,Pojkar 15-16,26,Leo,FAHLCRANTZ,Falu CK,10163811358,,0:11:04.06,FIN,,,0:01:51.68,,0:01:26.52,0:01:12.40,,0:01:14.82,0:02:31.88,0:01:16.80,0:01:29.96,,,,,,,,,,,,,,,,,,,,,,,,,
SweCup Enduro Falun 2179,2025-09-14,END,Pojkar 15-16,27,Felix,Kummel Ohlsson,Strömstad cykelklubb,Engångslicens,,0:11:05.36,FIN,,,0:01:41.57,,0:01:25.37,0:01:14.85,,0:01:10.53,0:02:46.13,0:01:18.25,0:01:28.66,,,,,,,,,,,,,,,,,,,,,,,,,
SweCup Enduro Falun 2180,2025-09-14,END,Pojkar 15-16,28,Alexander,SOLLENBY,BSMK,10140902180,,0:11:06.67,FIN,,,0:01:52.38,,0:01:24.63,0:01:08.77,,0:01:10.52,0:02:44.78,0:01:17.08,0:01:28.51,,,,,,,,,,,,,,,,,,,,,,,,,
SweCup Enduro Falun 2181,2025-09-14,END,Pojkar 15-16,29,Vilmer,HOLMERTZ,Mera Lera MTB,10128439401,,0:11:08.91,FIN,,,0:01:59.18,,0:01:22.23,0:01:11.20,,0:01:11.38,0:02:35.60,0:01:22.06,0:01:27.27,,,,,,,,,,,,,,,,,,,,,,,,,
SweCup Enduro Falun 2182,2025-09-14,END,Pojkar 15-16,30,Alexander,KINERT,Strängnäs cykelklubb,10141842373,,0:11:15.28,FIN,,,0:01:53.91,,0:01:26.36,0:01:14.98,,0:01:11.13,0:02:41.20,0:01:19.33,0:01:28.39,,,,,,,,,,,,,,,,,,,,,,,,,
SweCup Enduro Falun 2183,2025-09-14,END,Pojkar 15-16,31,Karl-Hugo,FRIDHEIM,Ck uni,10119851261,,0:11:28.60,FIN,,,0:02:00.03,,0:01:26.31,0:01:10.03,,0:01:07.10,0:02:58.75,0:01:18.78,0:01:27.61,,,,,,,,,,,,,,,,,,,,,,,,,
SweCup Enduro Falun 2184,2025-09-14,END,Pojkar 15-16,32,Love,MANNER,CK Fix,10128756164,,0:11:30.24,FIN,,,0:01:56.60,,0:01:29.15,0:01:16.68,,0:01:16.53,0:02:35.50,0:01:23.17,0:01:32.61,,,,,,,,,,,,,,,,,,,,,,,,,
SweCup Enduro Falun 2185,2025-09-14,END,Pojkar 15-16,33,Edwin,Arvén,Sundsvallscyklisterna,Engångslicens,,0:11:32.35,FIN,,,0:01:57.75,,0:01:30.96,0:01:16.05,,0:01:17.78,0:02:35.45,0:01:21.67,0:01:32.70,,,,,,,,,,,,,,,,,,,,,,,,,
SweCup Enduro Falun 2186,2025-09-14,END,Pojkar 15-16,34,Scott,BROWN,Spårvägen CK,10163877945,,0:11:32.70,FIN,,,0:01:50.15,,0:01:29.45,0:01:14.88,,0:01:10.95,0:02:49.70,0:01:25.28,0:01:32.30,,,,,,,,,,,,,,,,,,,,,,,,,
SweCup Enduro Falun 2187,2025-09-14,END,Pojkar 15-16,35,Loke,WINBERG,CK Rävlanda,10120052537,,0:11:33.39,FIN,,,0:01:55.48,,0:01:30.08,0:01:15.23,,0:01:14.40,0:02:37.38,0:01:26.42,0:01:34.41,,,,,,,,,,,,,,,,,,,,,,,,,
SweCup Enduro Falun 2188,2025-09-14,END,Pojkar 15-16,36,Leonard,HAGA,CK Master,10129245309,,0:11:34.49,FIN,,,0:02:20.43,,0:01:26.25,0:01:08.82,,0:01:13.10,0:02:35.02,0:01:21.09,0:01:29.78,,,,,,,,,,,,,,,,,,,,,,,,,
SweCup Enduro Falun 2189,2025-09-14,END,Pojkar 15-16,37,Oliver,JOHANSSON,Göteborgs stigcyklister,10141715364,,0:11:41.17,FIN,,,0:01:55.35,,0:01:30.50,0:01:16.00,,0:01:14.36,0:02:41.93,0:01:30.77,0:01:32.26,,,,,,,,,,,,,,,,,,,,,,,,,
SweCup Enduro Falun 2190,2025-09-14,END,Pojkar 15-16,38,Benjamin,ISAKSEN,Strömstad Cykelklubb,10163492975,,0:11:45.06,FIN,,,0:01:41.40,,0:01:27.33,0:01:09.18,,0:01:21.30,0:02:59.20,0:01:29.02,0:01:37.63,,,,,,,,,,,,,,,,,,,,,,,,,
SweCup Enduro Falun 2191,2025-09-14,END,Pojkar 15-16,39,Anton,PANTZARE,Borås CA,10076214395,,0:11:45.54,FIN,,,0:01:52.75,,0:01:29.33,0:01:18.23,,0:01:18.63,0:02:43.42,0:01:29.78,0:01:33.40,,,,,,,,,,,,,,,,,,,,,,,,,
SweCup Enduro Falun 2192,2025-09-14,END,Pojkar 15-16,40,Måns,HURTIG,Falu CK,10141464376,,0:11:49.61,FIN,,,0:02:03.39,,0:01:28.65,0:01:18.37,,0:01:13.93,0:02:47.28,0:01:26.43,0:01:31.55,,,,,,,,,,,,,,,,,,,,,,,,,
SweCup Enduro Falun 2193,2025-09-14,END,Pojkar 15-16,41,Herman,FJELKNER,ekerö mtb,10152832271,,0:12:01.50,FIN,,,0:02:06.80,,0:01:32.20,0:01:15.54,,0:01:15.70,0:02:55.01,0:01:23.63,0:01:32.62,,,,,,,,,,,,,,,,,,,,,,,,,
SweCup Enduro Falun 2194,2025-09-14,END,Pojkar 15-16,42,Alex,ANDERSSON,Arvika Cykelklubb,10128227011,,0:12:08.98,FIN,,,0:01:58.98,,0:01:30.92,0:01:30.67,,0:01:21.42,0:02:43.18,0:01:30.68,0:01:33.13,,,,,,,,,,,,,,,,,,,,,,,,,
SweCup Enduro Falun 2195,2025-09-14,END,Pojkar 15-16,43,Erik,GRÄFNINGS,Falu CK,10153599884,,0:12:12.76,FIN,,,0:02:12.38,,0:01:32.87,0:01:18.32,,0:01:17.02,0:02:46.01,0:01:33.13,0:01:33.03,,,,,,,,,,,,,,,,,,,,,,,,,
SweCup Enduro Falun 2196,2025-09-14,END,Pojkar 15-16,44,Walter,SAHLBERG,Gävle CA,10130527527,,0:12:15.65,FIN,,,0:02:00.31,,0:01:28.95,0:01:17.15,,0:01:18.77,0:02:54.65,0:01:38.88,0:01:36.95,,,,,,,,,,,,,,,,,,,,,,,,,
SweCup Enduro Falun 2197,2025-09-14,END,Pojkar 15-16,45,Hjalmar,LARSSON,Bukten MTB,10116662890,,0:12:20.42,FIN,,,0:02:04.22,,0:01:34.00,0:01:23.08,,0:01:22.20,0:02:51.02,0:01:29.12,0:01:36.77,,,,,,,,,,,,,,,,,,,,,,,,,
SweCup Enduro Falun 2198,2025-09-14,END,Pojkar 15-16,46,Jakub,MICHNO,IKHP Huskvarna,10148004604,,0:12:48.86,FIN,,,0:02:06.53,,0:01:43.33,0:01:26.93,,0:01:20.35,0:02:59.40,0:01:34.13,0:01:38.18,,,,,,,,,,,,,,,,,,,,,,,,,
SweCup Enduro Falun 2199,2025-09-14,END,Pojkar 15-16,47,Elliot,EHRIN,Strängnäs CK,10165381849,,0:14:47.21,FIN,,,0:02:10.03,,0:01:42.17,0:01:22.88,,0:01:23.53,0:03:32.13,0:02:55.07,0:01:41.40,,,,,,,,,,,,,,,,,,,,,,,,,
SweCup Enduro Falun 2200,2025-09-14,END,Pojkar 15-16,48,Max,Oveborn,Team Kungälv,Engångslicens,,0:16:45.51,FIN,,,0:03:13.70,,0:02:05.91,0:01:59.50,,0:01:51.65,0:03:56.98,0:01:48.63,0:01:49.16,,,,,,,,,,,,,,,,,,,,,,,,,
SweCup Enduro Falun 2201,2025-09-14,END,Pojkar 15-16,,Ádám,KISS,FK Trampen,10129020488,,0:09:19.68,DNF,,,0:02:07.00,,0:01:37.55,0:01:24.15,,0:01:21.63,0:02:49.36,,,,,,,,,,,,,,,,,,,,,,,,,,,
SweCup Enduro Falun 2202,2025-09-14,END,Pojkar 15-16,,Albin,STRÖM,Växjö Stigcyklister,10163825203,,0:07:30.27,DNF,,,0:01:34.75,,0:01:21.73,0:01:05.05,,0:01:07.50,0:02:21.23,,,,,,,,,,,,,,,,,,,,,,,,,,,
SweCup Enduro Falun 2203,2025-09-14,END,Pojkar 15-16,,Axel,JOELSSON NODIN,CK Master,10128631983,,,DNS,,,,,,,,,,,,,,,,,,,,,,,,,,,,,,,,,,,,
SweCup Enduro Falun 2204,2025-09-14,END,Pojkar 15-16,,Axel,SIMONSSON,FK Trampen,10096370288,,,DNS,,,,,,,,,,,,,,,,,,,,,,,,,,,,,,,,,,,,
SweCup Enduro Falun 2205,2025-09-14,END,Pojkar 15-16,,Elis,OGEMAR,Falu Cykelklubb,10143851788,,0:04:23.40,DNF,,,0:01:40.22,,0:01:13.73,0:01:29.45,,,,,,,,,,,,,,,,,,,,,,,,,,,,,,
SweCup Enduro Falun 2206,2025-09-14,END,Pojkar 15-16,,Eskil,HÖGBERG,Dans cykel o skid,10155281927,,,DNS,,,,,,,,,,,,,,,,,,,,,,,,,,,,,,,,,,,,
SweCup Enduro Falun 2207,2025-09-14,END,Pojkar 15-16,,Eskil,JOHANSSON,Järvsö Bergcykelklubb,10163454276,,0:10:09.76,STA,,,0:01:59.02,,0:01:31.43,0:01:14.45,,0:01:15.08,0:02:44.26,0:01:25.53,,,,,,,,,,,,,,,,,,,,,,,,,,
SweCup Enduro Falun 2208,2025-09-14,END,Pojkar 15-16,,Jesper,HUSS WIERINGA,Saltsjöbaden CK,10163463168,,0:03:10.47,DNF,,,0:01:46.15,,0:01:24.32,,,,,,,,,,,,,,,,,,,,,,,,,,,,,,,
SweCup Enduro Falun 2209,2025-09-14,END,Pojkar 15-16,,Joshua,NILSSON,Arvika Cykelklubb,10128103032,,,DNS,,,,,,,,,,,,,,,,,,,,,,,,,,,,,,,,,,,,
SweCup Enduro Falun 2210,2025-09-14,END,Pojkar 15-16,,Matheus,GAWLIK ÅKESSON,Ck fix,10140289969,,,DNS,,,,,,,,,,,,,,,,,,,,,,,,,,,,,,,,,,,,
SweCup Enduro Falun 2211,2025-09-14,END,Pojkar 15-16,,Otto,BOSSON,CK Fix,10108323419,,0:08:09.29,DNF,,,0:01:44.98,,0:01:19.33,0:05:04.98,,,,,,,,,,,,,,,,,,,,,,,,,,,,,,
SweCup Enduro Falun 2212,2025-09-14,END,Pojkar 15-16,,Theo,Sandin,Falköpings ck,Engångslicens,,,DNS,,,,,,,,,,,,,,,,,,,,,,,,,,,,,,,,,,,,
SweCup Enduro Falun 2213,2025-09-14,END,Pojkar 15-16,,Vincent,SMED,Falu CK,10153599783,,,DNS,,,,,,,,,,,,,,,,,,,,,,,,,,,,,,,,,,,,
,,,,,,,,,,,,,,,,,,,,,,,,,,,,,,,,,,,,,,,,,,,,,,,
SweCup Enduro Falun 2214,2025-09-14,END,Sportmotion Lång,1,Hannes,Sjudin,Ok hammaren,Engångslicens,,0:12:53.15,FIN,0:02:02.60,0:01:32.77,0:01:43.27,,0:01:18.45,0:01:06.57,,0:01:10.01,0:02:28.92,,0:01:30.55,,,,,,,,,,,,,,,,,,,,,,,,,
SweCup Enduro Falun 2215,2025-09-14,END,Sportmotion Lång,2,Joakim,Persson,Borlänge CK,Engångslicens,,0:13:45.55,FIN,0:02:06.57,0:01:44.83,0:01:53.70,,0:01:28.17,0:01:16.36,,0:01:11.00,0:02:31.93,,0:01:33.01,,,,,,,,,,,,,,,,,,,,,,,,,
SweCup Enduro Falun 2216,2025-09-14,END,Sportmotion Lång,3,Johan,Swanbeck,,Engångslicens,,0:13:58.67,FIN,0:02:06.40,0:01:54.55,0:02:02.90,,0:01:23.63,0:01:19.68,,0:01:10.28,0:02:28.66,,0:01:32.57,,,,,,,,,,,,,,,,,,,,,,,,,
SweCup Enduro Falun 2217,2025-09-14,END,Sportmotion Lång,4,Jesper,Viktorsson,,,,0:14:13.01,FIN,0:02:12.58,0:01:50.50,0:01:59.50,,0:01:28.00,0:01:12.07,,0:01:14.35,0:02:44.73,,0:01:31.28,,,,,,,,,,,,,,,,,,,,,,,,,
SweCup Enduro Falun 2218,2025-09-14,END,Sportmotion Lång,5,Thure,Björk,Borlänge CK,Engångslicens,,0:14:20.30,FIN,0:02:14.05,0:01:50.05,0:01:58.58,,0:01:28.98,0:01:15.52,,0:01:15.22,0:02:42.50,,0:01:35.40,,,,,,,,,,,,,,,,,,,,,,,,,
SweCup Enduro Falun 2219,2025-09-14,END,Sportmotion Lång,6,Magnus,Olsson,Arvika Cykelklubb,Engångslicens,,0:14:51.89,FIN,0:02:13.15,0:01:46.00,0:02:06.65,,0:01:36.16,0:01:27.32,,0:01:24.55,0:02:38.40,,0:01:39.65,,,,,,,,,,,,,,,,,,,,,,,,,
SweCup Enduro Falun 2220,2025-09-14,END,Sportmotion Lång,7,Andreas,Pettersson,Gimonäs CK,Engångslicens,,0:14:59.23,FIN,0:02:34.54,0:01:55.07,0:02:05.04,,0:01:31.52,0:01:15.97,,0:01:13.73,0:02:49.32,,0:01:34.03,,,,,,,,,,,,,,,,,,,,,,,,,
SweCup Enduro Falun 2221,2025-09-14,END,Sportmotion Lång,8,Jakob,Eriksson,CK Stabil,,,0:15:23.72,FIN,0:02:26.50,0:01:50.90,0:02:14.46,,0:01:28.43,0:01:35.86,,0:01:16.27,0:02:55.07,,0:01:36.23,,,,,,,,,,,,,,,,,,,,,,,,,
SweCup Enduro Falun 2222,2025-09-14,END,Sportmotion Lång,9,Olliwer,Sundkvist,,Engångslicens,,0:15:26.48,FIN,0:02:18.43,0:02:04.27,0:02:13.45,,0:01:32.63,0:01:30.55,,0:01:19.63,0:02:49.68,,0:01:37.85,,,,,,,,,,,,,,,,,,,,,,,,,
SweCup Enduro Falun 2223,2025-09-14,END,Sportmotion Lång,10,Tobias,Eriksson,Gimonäs CK  Endurofabriken,Engångslicens,,0:15:35.10,FIN,0:02:15.60,0:01:54.05,0:02:21.41,,0:01:33.45,0:01:24.98,,0:01:17.44,0:03:09.25,,0:01:38.93,,,,,,,,,,,,,,,,,,,,,,,,,
SweCup Enduro Falun 2224,2025-09-14,END,Sportmotion Lång,11,Andreas,Ekstedt,Arvika cykel Enduro,Engångslicens,,0:15:37.24,FIN,0:02:20.30,0:01:57.65,0:02:21.10,,0:01:37.20,0:01:27.71,,0:01:20.56,0:02:46.47,,0:01:46.25,,,,,,,,,,,,,,,,,,,,,,,,,
SweCup Enduro Falun 2225,2025-09-14,END,Sportmotion Lång,12,Filip,Schölin,Almby IK,Engångslicens,,0:23:18.52,FIN,0:02:25.55,0:02:09.30,0:02:12.05,,0:01:33.21,0:01:21.90,,0:01:16.53,0:02:42.31,,0:09:37.68,,,,,,,,,,,,,,,,,,,,,,,,,
SweCup Enduro Falun 2226,2025-09-14,END,Sportmotion Lång,,Albert,Jonsson,Göteborgs Stigcyklister,Engångslicens,,,DNS,,,,,,,,,,,,,,,,,,,,,,,,,,,,,,,,,,,,
SweCup Enduro Falun 2227,2025-09-14,END,Sportmotion Lång,,Christoffer,FORS,Camatec,10140745667,,,DNS,,,,,,,,,,,,,,,,,,,,,,,,,,,,,,,,,,,,
SweCup Enduro Falun 2228,2025-09-14,END,Sportmotion Lång,,Emil,Eriksson,Falu CK,Engångslicens,,,DNS,,,,,,,,,,,,,,,,,,,,,,,,,,,,,,,,,,,,
,,,,,,,,,,,,,,,,,,,,,,,,,,,,,,,,,,,,,,,,,,,,,,,
SweCup Enduro Falun 2229,2025-09-14,END,Tävling Damer,1,Ingun,STÅHL,Göteborgs stigcyklister,10091453503,,0:19:10.29,FIN,0:02:18.14,0:01:56.40,0:02:02.48,0:02:12.61,0:01:33.81,0:01:26.77,,0:01:23.38,0:02:55.60,0:01:37.65,0:01:43.45,,,,,,,,,,,,,,,,,,,,,,,,,
SweCup Enduro Falun 2230,2025-09-14,END,Tävling Damer,2,Alicia,DAHL,Ok Hammaren,10119850756,,0:20:52.80,FIN,0:02:34.00,0:02:03.23,0:02:16.28,0:02:18.55,0:01:47.28,0:01:30.50,,0:01:31.18,0:03:34.98,0:01:34.80,0:01:42.01,,,,,,,,,,,,,,,,,,,,,,,,,
SweCup Enduro Falun 2231,2025-09-14,END,Tävling Damer,3,Emelie,SELINDER,Mountainbikeskolan,10163278060,,0:21:28.93,FIN,0:02:36.50,0:02:13.25,0:02:37.57,0:02:21.45,0:01:46.38,0:01:33.05,,0:01:31.22,0:03:19.46,0:01:41.72,0:01:48.32,,,,,,,,,,,,,,,,,,,,,,,,,
SweCup Enduro Falun 2232,2025-09-14,END,Tävling Herrar,1,Zakarias,JOHANSEN,Täby MTB,10006911232,,0:13:30.69,FIN,0:01:41.33,0:01:19.28,0:01:25.97,0:01:32.45,0:01:09.95,0:00:57.15,,0:00:59.58,0:01:58.88,0:01:06.98,0:01:19.11,,,,,,,,,,,,,,,,,,,,,,,,,
SweCup Enduro Falun 2233,2025-09-14,END,Tävling Herrar,2,Andreas,DAHLGREN,Borlänge CK,10022361918,,0:14:45.20,FIN,0:01:46.02,0:01:22.87,0:01:31.57,0:01:35.90,0:01:14.53,0:01:01.21,,0:00:59.85,0:02:03.10,0:01:45.02,0:01:25.13,,,,,,,,,,,,,,,,,,,,,,,,,
SweCup Enduro Falun 2234,2025-09-14,END,Tävling Herrar,3,Mattias,ARNERDAL,RND Racing,10116691889,,0:14:58.67,FIN,0:01:50.95,0:01:24.35,0:01:31.30,0:01:43.48,0:01:17.73,0:01:09.78,,0:01:04.93,0:02:16.36,0:01:13.50,0:01:26.28,,,,,,,,,,,,,,,,,,,,,,,,,
SweCup Enduro Falun 2235,2025-09-14,END,Tävling Herrar,4,Oscar,STRIDFELDT,Göteborgs Stigcyklister,10091776330,,0:15:08.82,FIN,0:01:55.78,0:01:30.48,0:01:33.95,0:01:41.63,0:01:17.81,0:01:04.75,,0:01:04.48,0:02:17.88,0:01:16.15,0:01:25.93,,,,,,,,,,,,,,,,,,,,,,,,,
SweCup Enduro Falun 2236,2025-09-14,END,Tävling Herrar,5,Pelle,JÖGI MAGNELL,Sölvesborgs Velo,10089850171,,0:15:09.29,FIN,0:01:55.97,0:01:30.56,0:01:37.97,0:01:45.50,0:01:16.03,0:01:04.40,,0:01:05.55,0:02:17.48,0:01:11.35,0:01:24.47,,,,,,,,,,,,,,,,,,,,,,,,,
SweCup Enduro Falun 2237,2025-09-14,END,Tävling Herrar,6,Björn,OLSSON,Mountainbikeskolan CK,10151787402,,0:15:10.21,FIN,0:01:53.30,0:01:31.00,0:01:40.00,0:01:43.95,0:01:19.28,0:01:04.22,,0:01:06.03,0:02:13.13,0:01:12.35,0:01:26.95,,,,,,,,,,,,,,,,,,,,,,,,,
SweCup Enduro Falun 2238,2025-09-14,END,Tävling Herrar,7,Måns,JUNERUD,AOK/RND,10107736668,,0:15:14.49,FIN,0:01:58.50,0:01:27.65,0:01:38.50,0:01:45.47,0:01:18.68,0:01:06.15,,0:01:02.75,0:02:19.75,0:01:13.10,0:01:23.93,,,,,,,,,,,,,,,,,,,,,,,,,
SweCup Enduro Falun 2239,2025-09-14,END,Tävling Herrar,8,Thorwout,WARNTJES,Mera lera MTB,10022409711,,0:15:30.09,FIN,0:01:57.70,0:01:29.90,0:01:40.39,0:01:43.90,0:01:18.48,0:01:06.83,,0:01:07.25,0:02:22.63,0:01:16.18,0:01:26.83,,,,,,,,,,,,,,,,,,,,,,,,,
SweCup Enduro Falun 2240,2025-09-14,END,Tävling Herrar,9,Alvin,STRAND,Göteborgs Stigcyklister,10082060768,,0:15:32.92,FIN,0:01:59.16,0:01:32.95,0:01:40.70,0:01:44.35,0:01:17.81,0:01:04.48,,0:01:08.93,0:02:20.61,0:01:16.50,0:01:27.45,,,,,,,,,,,,,,,,,,,,,,,,,
SweCup Enduro Falun 2241,2025-09-14,END,Tävling Herrar,10,Maximilian,ANDERSSON,Ulricehamns CK,10022583196,,0:15:33.79,FIN,0:01:57.78,0:01:28.84,0:01:37.75,0:01:56.65,0:01:18.49,0:01:06.07,,0:01:04.95,0:02:22.88,0:01:12.61,0:01:27.77,,,,,,,,,,,,,,,,,,,,,,,,,
SweCup Enduro Falun 2242,2025-09-14,END,Tävling Herrar,11,Jacob,EKSTRÖM,Västerås CK,10022436888,,0:15:46.73,FIN,0:01:56.08,0:01:43.70,0:01:38.72,0:01:43.02,0:01:18.66,0:01:06.70,,0:01:05.60,0:02:29.35,0:01:16.35,0:01:28.55,,,,,,,,,,,,,,,,,,,,,,,,,
SweCup Enduro Falun 2243,2025-09-14,END,Tävling Herrar,12,Sigsten,JOHANSSON,CK Vansbro MTB,10022492967,,0:15:47.47,FIN,0:01:59.95,0:01:34.82,0:01:48.15,0:01:49.63,0:01:18.88,0:01:07.88,,0:01:05.63,0:02:22.31,0:01:14.12,0:01:26.13,,,,,,,,,,,,,,,,,,,,,,,,,
SweCup Enduro Falun 2244,2025-09-14,END,Tävling Herrar,13,Gustaf,JOHANSSON JONES,Team KBK Bikes CK,10112510583,,0:15:54.96,FIN,0:01:59.85,0:01:33.38,0:01:40.02,0:01:43.51,0:01:21.98,0:01:05.30,,0:01:09.33,0:02:35.75,0:01:19.00,0:01:26.85,,,,,,,,,,,,,,,,,,,,,,,,,
SweCup Enduro Falun 2245,2025-09-14,END,Tävling Herrar,14,Alfonso,CORDOVA CERVERA,Team KBK Bikes CK,10143142577,,0:16:06.79,FIN,0:02:15.01,0:01:32.90,0:01:44.43,0:01:50.73,0:01:21.93,0:01:11.38,,0:01:06.80,0:02:23.57,0:01:13.83,0:01:26.21,,,,,,,,,,,,,,,,,,,,,,,,,
SweCup Enduro Falun 2246,2025-09-14,END,Tävling Herrar,15,Simon,LUNDBLAD,göteborgs stigcyklister,10022292503,,0:16:08.79,FIN,0:02:00.60,0:01:36.05,0:01:48.57,0:01:48.36,0:01:20.73,0:01:05.18,,0:01:08.95,0:02:33.03,0:01:18.88,0:01:28.45,,,,,,,,,,,,,,,,,,,,,,,,,
SweCup Enduro Falun 2247,2025-09-14,END,Tävling Herrar,16,Emil,KUMLIN,Falu CK,10022612704,,0:16:21.00,FIN,0:02:02.15,0:01:39.60,0:01:47.75,0:01:53.10,0:01:27.00,0:01:11.73,,0:01:09.40,0:02:23.33,0:01:17.20,0:01:29.75,,,,,,,,,,,,,,,,,,,,,,,,,
SweCup Enduro Falun 2248,2025-09-14,END,Tävling Herrar,17,Nils,FLYKT,Östersunds cykelklubb,10114082084,,0:16:37.98,FIN,0:02:08.37,0:01:42.42,0:01:42.78,0:01:49.30,0:01:24.02,0:01:13.15,,0:01:10.52,0:02:33.33,0:01:20.38,0:01:33.70,,,,,,,,,,,,,,,,,,,,,,,,,
SweCup Enduro Falun 2249,2025-09-14,END,Tävling Herrar,18,Carl,HEDEMALM,Dan’s Cykel O’skid/ Bålsta CK,10108943209,,0:16:49.18,FIN,0:02:06.27,0:01:38.55,0:01:57.15,0:01:59.13,0:01:24.65,0:01:12.26,,0:01:12.87,0:02:35.38,0:01:18.08,0:01:24.86,,,,,,,,,,,,,,,,,,,,,,,,,
SweCup Enduro Falun 2250,2025-09-14,END,Tävling Herrar,19,Theo,EVALDSSON,Kvänums IF,10022654837,,0:16:50.26,FIN,0:02:05.20,0:01:43.87,0:01:47.03,0:02:00.70,0:01:25.70,0:01:12.50,,0:01:07.90,0:02:32.45,0:01:23.85,0:01:31.06,,,,,,,,,,,,,,,,,,,,,,,,,
SweCup Enduro Falun 2251,2025-09-14,END,Tävling Herrar,20,Erik,ANZÉN,Mera Lera MTB/dans cykel o skid,10117314511,,0:16:57.78,FIN,0:02:07.15,0:01:41.40,0:01:47.48,0:02:04.73,0:01:22.58,0:01:09.13,,0:01:14.40,0:02:30.93,0:01:25.88,0:01:34.11,,,,,,,,,,,,,,,,,,,,,,,,,
SweCup Enduro Falun 2252,2025-09-14,END,Tävling Herrar,21,Alexander,VANNEVIK,Team KBK Bikes CK,10107799720,,0:17:12.84,FIN,0:02:06.08,0:01:42.32,0:01:55.57,0:01:56.70,0:01:25.25,0:01:11.71,,0:01:12.42,0:02:48.32,0:01:22.31,0:01:32.16,,,,,,,,,,,,,,,,,,,,,,,,,
SweCup Enduro Falun 2253,2025-09-14,END,Tävling Herrar,,Emil,JONSSON,Falu CK,10163063246,,,DNS,,,,,,,,,,,,,,,,,,,,,,,,,,,,,,,,,,,,
SweCup Enduro Falun 2254,2025-09-14,END,Tävling Herrar,,Lo,ZETTERLUND,Ok Tyr / Traildays Gravity Team,10097489327,,,DNS,,,,,,,,,,,,,,,,,,,,,,,,,,,,,,,,,,,,
SweCup Enduro Falun 2255,2025-09-14,END,Tävling Herrar,,Tim,HEDMAN,Järvsö Bergscykelklubb,10007886585,,0:13:06.42,DNF,0:01:54.38,0:01:28.75,0:01:42.63,0:01:43.23,0:01:26.63,0:01:08.25,,0:01:04.85,0:02:37.70,,,,,,,,,,,,,,,,,,,,,,,,,,,